"Reference","Qty","Value","DNP","Exclude from BOM","Exclude from Board","Footprint","Datasheet"
"C1","1","1uF","","","","Capacitor_THT:CP_Radial_D5.0mm_P2.00mm",""
"C2","1","0.01uF","","","","Capacitor_THT:C_Disc_D4.7mm_W2.5mm_P5.00mm",""
"D1,D2,D3,D4,D5,D6,D7,D8","8","LED","","","","LED_THT:LED_D3.0mm",""
"J1","1","USB_C_Receptacle_USB2.0_14P","","","","Connector_USB:USB_C_Receptacle_HRO_TYPE-C-31-M-12","https://www.usb.org/sites/default/files/documents/usb_type-c.zip"
"R1","1","1k","","","","Resistor_THT:R_Axial_DIN0207_L6.3mm_D2.5mm_P7.62mm_Horizontal",""
"R2","1","50k","","","","Potentiometer_THT:Potentiometer_Bourns_3296W_Vertical",""
"R4,R5","2","5.1k","","","","Resistor_THT:R_Axial_DIN0207_L6.3mm_D2.5mm_P7.62mm_Horizontal",""
"R6,R7,R8,R9,R10,R11,R12,R13","8","330R","","","","Resistor_THT:R_Axial_DIN0207_L6.3mm_D2.5mm_P7.62mm_Horizontal",""
"R14","1","10k","","","","Resistor_THT:R_Axial_DIN0207_L6.3mm_D2.5mm_P7.62mm_Horizontal",""
"SW1","1","SW_SPST","","","","Button_Switch_SMD:SW_SPST_B3S-1000",""
"SW2","1","SW_Push","","","","Button_Switch_THT:SW_PUSH_6mm",""
"U1","1","NE555P","","","","Package_DIP:DIP-8_W7.62mm","http://www.ti.com/lit/ds/symlink/ne555.pdf"
"U2","1","4017","","","","Package_DIP:DIP-16_W7.62mm","http://www.intersil.com/content/dam/Intersil/documents/cd40/cd4017bms-22bms.pdf"
